part1011.out,1.00.00
part1020.out,1.00.00
part1021.out,1.00.00
part1022.out,1.00.00
part1023.out,1.00.00
part1024.out,1.00.00
part1030.out,1.00.00
part1031.out,1.00.00
part1032.out,1.00.00
part1033.out,1.00.00
part1034.out,1.00.00
part1035.out,1.00.00
part1036.out,1.00.00
part1040.out,1.00.00
part1041.out,1.00.00
part1042.out,1.00.00
part1043.out,1.00.00
part1044.out,1.00.00
part1045.out,1.00.00
part1046.out,1.00.00
part1047.out,1.00.00
part1048.out,1.00.00
part1050.out,1.00.00
part1051.out,1.00.00
part1052.out,1.00.00
part1053.out,1.00.00
part1054.out,1.00.00
part1055.out,1.00.00
part1056.out,1.00.00
part1057.out,1.00.00
part1058.out,1.00.00
part1059.out,1.00.00
part105a.out,1.00.00
part105b.out,1.00.00
part105c.out,1.00.00
part105d.out,1.00.00
part105e.out,1.00.00
part1111.out,1.00.00
part1112.out,1.00.00
part1120.out,1.00.00
part1121.out,1.00.00
part1122.out,1.00.00
part1123.out,1.00.00
part1124.out,1.00.00
part1125.out,1.00.00
part1126.out,1.00.00
part1130.out,1.00.00
part1131.out,1.00.00
part1132.out,1.00.00
part1133.out,1.00.00
part1134.out,1.00.00
part1135.out,1.00.00
part1136.out,1.00.00
part1140.out,1.00.00
part1141.out,1.00.00
part1142.out,1.00.00
part1143.out,1.00.00
part1144.out,1.00.00
part1145.out,1.00.00
part1146.out,1.00.00
part1147.out,1.00.00
part1148.out,1.00.00
part1149.out,1.00.00
part114a.out,1.00.00
part1211.out,1.00.00
part1212.out,1.00.00
part1220.out,1.00.00
part1221.out,1.00.00
part1222.out,1.00.00
part1223.out,1.00.00
part1224.out,1.00.00
part1225.out,1.00.00
part1226.out,1.00.00
part1227.out,1.00.00
part1230.out,1.00.00
part1231.out,1.00.00
part1232.out,1.00.00
part1233.out,1.00.00
part1234.out,1.00.00
part1235.out,1.00.00
part1236.out,1.00.00
part1241.out,1.00.00
part1242.out,1.00.00
part1250.out,1.00.00
part1251.out,1.00.00
part1252.out,1.00.00
part1253.out,1.00.00
part1254.out,1.00.00
part1255.out,1.00.00
part1256.out,1.00.00
part1257.out,1.00.00
part1258.out,1.00.00
part1259.out,1.00.00
part125a.out,1.00.00
part125b.out,1.00.00
part125c.out,1.00.00
part125d.out,1.00.00
part125e.out,1.00.00
main_common.out,1.00.00
main_resource.out,1.00.00
sub_common.out,1.00.00
sub_resource.out,1.00.00
